{
  "FOXA1": 0.984320098094233,
  "FOXC1": 0.796297788703313,
  "CDH3": 0.507465185595131,
  "PVR": 0.48826060703195,
  "RASD2": 0.255183538184058,
  "IGF2BP2": 0.254057135350977,
  "BCL11A": 0.243904620934139,
  "MALL": 0.242465270176737,
  "EML4": 0.235197867815549,
  "PLOD1": 0.211207557777979,
  "CDKN2A": 0.21014239424622,
  "IFRD1": 0.207778548243461,
  "LYN": 0.204618474125056,
  "CDCA7": 0.178714030639206,
  "PPP1CB": 0.16738662996906,
  "PLOD3": 0.146990500713163,
  "FANCE": 0.141777025405243,
  "CYP39A1": 0.138281133370984,
  "MSL3": 0.13808309780445,
  "MRAS": 0.125230725019425,
  "MSN": 0.112890670245623,
  "CTSC": 0.0964969526392292,
  "HJURP": 0.096363128318001,
  "MELK": 0.0961309199037622,
  "GPX7": 0.0857115599716392,
  "CLCN4": 0.0790433578372761,
  "PDK1": 0.0780555241874964,
  "PM20D2": 0.0636588148012465,
  "KCMF1": 0.0619855120078816,
  "SIRPA": 0.0613654336736133,
  "UGP2": 0.060968595748257,
  "SMO": 0.0574868098536784,
  "CENPA": 0.0567908499024543,
  "PPP1R14C": 0.0513342680730539,
  "CLCN5": 0.0461973300198486,
  "CDC45": 0.0456025133294912,
  "NT5C2": 0.0451028933640547,
  "ITGB8": 0.0415827890937937,
  "TCL1A": 0.0371645965299434,
  "HMGA1": 0.0362893354665449,
  "FBLIM1": 0.0284772099153196,
  "NOTCH1": 0.0265465894671739,
  "KIF2C": 0.0239459802490703,
  "TGFA": 0.0225802427278396,
  "FAT1": 0.0165483105752583,
  "ARPC5": 0.0147569036132547,
  "SYT8": 0.0092583431781285,
  "TBC1D1": 0.00656456452403094,
  "PTCHD1": 0.00462858648157617,
  "GPSM2": 0.00356242041606308,
  "KHDRBS3": 0.00116484737633082
}