{
  "FOXA1": 0.954074256902505,
  "FOXC1": 0.77024081179858,
  "CDH3": 0.53759879372433,
  "PVR": 0.461739995399048,
  "EML4": 0.28218603433493,
  "RASD2": 0.277448997312128,
  "CDKN2A": 0.229216571534112,
  "LYN": 0.225870395001016,
  "UCK2": 0.223647446491399,
  "IGF2BP2": 0.219080961392175,
  "IFRD1": 0.214742438546971,
  "BCL11A": 0.207050520058183,
  "PLOD1": 0.205602814703072,
  "MSL3": 0.183771296335737,
  "MALL": 0.177904208741318,
  "PPP1CB": 0.173892285687017,
  "PLOD3": 0.166207108597695,
  "FANCE": 0.148140968846778,
  "CYP39A1": 0.14341853156503,
  "MSN": 0.122449533713166,
  "CTSC": 0.100005720755497,
  "PM20D2": 0.0942823936830483,
  "HJURP": 0.0912964917196076,
  "PDK1": 0.0906176503181627,
  "CDCA7": 0.0891108681773576,
  "MELK": 0.0847152384655524,
  "MRAS": 0.0829452220816498,
  "KIF2C": 0.0734274208110936,
  "GPX7": 0.0680954168681463,
  "ITGB8": 0.0657829031253727,
  "CLCN4": 0.0635174188272453,
  "FAT1": 0.056145466083693,
  "UGP2": 0.052678379087422,
  "CDK6": 0.051093619319026,
  "SIRPA": 0.0396544867085876,
  "GPSM2": 0.0382936723622461,
  "TCL1A": 0.0367350364251992,
  "NOTCH1": 0.0365260216350259,
  "HMGA1": 0.0352210986806771,
  "SMO": 0.0338770118180087,
  "NT5C2": 0.03385746295562,
  "FBLIM1": 0.0293378987227807,
  "SYT8": 0.018466506142988,
  "SFRP1": 0.0171470024787899,
  "PHOX2B": 0.0151296486131186,
  "CDC45": 0.0145642326997579,
  "SLC25A33": 0.003548546841247,
  "HDGF": 0.00197261288856299,
  "CLCN5": 0.000619933013939985
}