{
  "FOXA1": 0.879633189748522,
  "FOXC1": 0.808231960290843,
  "PVR": 0.536831893529215,
  "CDH3": 0.498081198192606,
  "BCL11A": 0.338679253816391,
  "MSL3": 0.251334601405603,
  "EML4": 0.243670273373022,
  "CDKN2A": 0.220233533542914,
  "LYN": 0.214812044531511,
  "IFRD1": 0.209245237805467,
  "PLOD1": 0.191884686368571,
  "UCK2": 0.187332734496787,
  "PPP1CB": 0.177137468030446,
  "IGF2BP2": 0.162314955102504,
  "MALL": 0.147708025660373,
  "PLOD3": 0.139398183906726,
  "FANCE": 0.132088539842845,
  "HJURP": 0.121812583117084,
  "SIRPA": 0.120339447700037,
  "CLCN4": 0.107447556918189,
  "CYP39A1": 0.106658100203473,
  "PDK1": 0.101014089422346,
  "KIF2C": 0.0986035318375697,
  "MSN": 0.0966390355465079,
  "GPX7": 0.0958029358339951,
  "PPP1R14C": 0.0946933915805627,
  "HDGF": 0.0851831290949704,
  "FAT1": 0.0802668926968822,
  "ITGB8": 0.0733719154695747,
  "PM20D2": 0.0726570352721081,
  "CTSC": 0.0717772251521116,
  "HOMER3": 0.0690964987054175,
  "TGFA": 0.0643761025409169,
  "CLCN5": 0.0543620414261912,
  "MRAS": 0.0540563462879324,
  "TCL1A": 0.0536952359531232,
  "UPP1": 0.0478172197131907,
  "NT5C2": 0.0448486768505648,
  "CDC45": 0.0437506321323191,
  "CDCA7": 0.0437492646866519,
  "UGP2": 0.0356004137215489,
  "SFRP1": 0.0354979164733527,
  "KCMF1": 0.0327781630056797,
  "PHOX2B": 0.0222019531144694,
  "FBLIM1": 0.0198843347907057,
  "MELK": 0.0198270657880751,
  "SCHIP1": 0.017678381035521,
  "HMGA1": 0.0126911934862724,
  "SLC25A33": 0.0114236236080103,
  "PTCHD1": 0.00998227891025464,
  "GPSM2": 0.00147871701255445
}