{
  "FOXA1": 0.911846954067234,
  "FOXC1": 0.764861466552085,
  "CDH3": 0.573406164597497,
  "PVR": 0.442787287827333,
  "EML4": 0.285420628521237,
  "RASD2": 0.276869847853553,
  "UCK2": 0.229854066965055,
  "IFRD1": 0.229731658225656,
  "CDKN2A": 0.222703642079631,
  "IGF2BP2": 0.217524764601091,
  "BCL11A": 0.208012674736703,
  "PLOD1": 0.207522872231483,
  "MALL": 0.195853743374112,
  "LYN": 0.18633466864518,
  "MSL3": 0.162631399992033,
  "FANCE": 0.152990687612255,
  "CYP39A1": 0.151593603635989,
  "MSN": 0.141201183532045,
  "MELK": 0.126941485671225,
  "PM20D2": 0.125969330786054,
  "MRAS": 0.116503552391255,
  "PLOD3": 0.11492596787357,
  "PDK1": 0.107699022253021,
  "CTSC": 0.102068868043133,
  "KCMF1": 0.101280114863649,
  "GPX7": 0.0894190533209909,
  "UGP2": 0.0806861119240775,
  "CLCN4": 0.0797611531503677,
  "CDCA7": 0.0761597171153536,
  "CDK6": 0.0729592175596028,
  "ITGB8": 0.0713292332488565,
  "FAT1": 0.0662783825508836,
  "KIF2C": 0.0577485479148958,
  "GPSM2": 0.0539627590442528,
  "HJURP": 0.0533195332275452,
  "FBLIM1": 0.0395371749410752,
  "NOTCH1": 0.0373878320918314,
  "SIRPA": 0.0352482998867078,
  "CLCN5": 0.0347505094024149,
  "TCL1A": 0.0327018806855729,
  "PHOX2B": 0.0177267844100068,
  "CENPA": 0.0172228756420061,
  "PPP1R14C": 0.0166980176442025,
  "LMO4": 0.0166931413717765,
  "SMO": 0.0119953886188881,
  "HMGA1": 0.0109384477105557,
  "SYT8": 0.010756631846344,
  "PTCHD1": 0.00345502848028639,
  "SFRP1": 0.0019747039013806,
  "NT5C2": 0.000728625022457545
}