{
  "FOXA1": 0.908485917938128,
  "FOXC1": 0.776108017741735,
  "CDH3": 0.57753661590065,
  "PVR": 0.442621531587081,
  "EML4": 0.287113648180585,
  "RASD2": 0.27222807196516,
  "CDKN2A": 0.226531679410308,
  "UCK2": 0.226518154380819,
  "IFRD1": 0.226171712764289,
  "BCL11A": 0.209991664835213,
  "IGF2BP2": 0.209826424125378,
  "PLOD1": 0.209173580461857,
  "MALL": 0.193617472200542,
  "LYN": 0.187810516390018,
  "MSL3": 0.162233631314201,
  "CYP39A1": 0.153450661017295,
  "MSN": 0.146451074927982,
  "FANCE": 0.146213509181195,
  "MELK": 0.123905448423552,
  "PM20D2": 0.121833226824188,
  "PLOD3": 0.12105206495378,
  "MRAS": 0.11767734962519,
  "PDK1": 0.105252755975952,
  "KCMF1": 0.0993897842116522,
  "CTSC": 0.0965201782212126,
  "GPX7": 0.089967127491209,
  "CDCA7": 0.0837650499306491,
  "CLCN4": 0.0818376478959799,
  "UGP2": 0.0744019404394546,
  "ITGB8": 0.0729106351051572,
  "CDK6": 0.0692253579535074,
  "FAT1": 0.0635841859906761,
  "HJURP": 0.0568106669348317,
  "KIF2C": 0.0539611633264005,
  "GPSM2": 0.0505685921310835,
  "CLCN5": 0.0366302185208259,
  "FBLIM1": 0.0361576368208426,
  "SIRPA": 0.0356754441525469,
  "NOTCH1": 0.0348408894605614,
  "TCL1A": 0.0334607746749835,
  "TGFA": 0.0328663496810502,
  "CENPA": 0.0204479537208937,
  "PHOX2B": 0.0173211425104611,
  "PPP1R14C": 0.0162434619918283,
  "SMO": 0.0132389888544607,
  "HMGA1": 0.00980483425839397,
  "LMO4": 0.00687905111072076,
  "SYT8": 0.00319102960763014,
  "PTCHD1": 0.00269604743503866,
  "SFRP1": 0.00137664318059799
}