{
  "FOXA1": 0.951225403065483,
  "FOXC1": 0.776238869138647,
  "CDH3": 0.52823440839413,
  "PVR": 0.459572060546697,
  "EML4": 0.287098169029126,
  "RASD2": 0.271387380841836,
  "CDKN2A": 0.227070595810255,
  "UCK2": 0.216960278226829,
  "IFRD1": 0.213841677375742,
  "PLOD1": 0.210287989285675,
  "IGF2BP2": 0.209850375068479,
  "LYN": 0.202546498154818,
  "BCL11A": 0.202122887403377,
  "MSL3": 0.182587637774212,
  "MALL": 0.178519195759873,
  "PPP1CB": 0.170579845507823,
  "PLOD3": 0.164809106125351,
  "FANCE": 0.146005147190063,
  "CYP39A1": 0.140831752162276,
  "MSN": 0.128757675956377,
  "MRAS": 0.106259975613722,
  "CTSC": 0.100490753831671,
  "CDCA7": 0.0946095111410215,
  "MELK": 0.0915326452104733,
  "PDK1": 0.0913516241169385,
  "PM20D2": 0.0893469300037004,
  "HJURP": 0.0818501156303968,
  "GPX7": 0.0773359931272272,
  "ITGB8": 0.0659860563300724,
  "KIF2C": 0.0601206946693407,
  "CLCN4": 0.0582772268705031,
  "FAT1": 0.0582423880800677,
  "UGP2": 0.0498113401200028,
  "CDK6": 0.049258069017797,
  "PPP1R14C": 0.0408424621726093,
  "SIRPA": 0.0407517391206507,
  "NOTCH1": 0.0372398690277777,
  "NT5C2": 0.0352779272395378,
  "TCL1A": 0.0336943438181737,
  "HMGA1": 0.0323557952235239,
  "GPSM2": 0.03004040904093,
  "SMO": 0.0274726288255458,
  "FBLIM1": 0.0203014558429749,
  "CENPA": 0.0195390763427624,
  "SYT8": 0.0179780574922727,
  "PHOX2B": 0.0158112010960805,
  "TGFA": 0.0150973497425464,
  "CDC45": 0.0147653933252133,
  "SFRP1": 0.00643762803011633,
  "CLCN5": 0.00455043791813931,
  "SLC25A33": 0.00419193179043903,
  "HDGF": 0.0029681838585244
}