{
  "FOXA1": 0.885284151890196,
  "FOXC1": 0.771005482768516,
  "PVR": 0.532904630370853,
  "CDH3": 0.502708214643338,
  "BCL11A": 0.365799397412939,
  "MSL3": 0.261103938205673,
  "EML4": 0.254257249878801,
  "CDKN2A": 0.229316653077853,
  "PLOD1": 0.219629118136162,
  "LYN": 0.206280896706626,
  "IFRD1": 0.204984015355367,
  "UCK2": 0.183245405727431,
  "PPP1CB": 0.177977640798436,
  "IGF2BP2": 0.159391388474866,
  "MALL": 0.155910662962679,
  "PLOD3": 0.147317757894521,
  "HJURP": 0.130989792968215,
  "FANCE": 0.115287080398362,
  "CYP39A1": 0.111159695586521,
  "HDGF": 0.101934366197858,
  "CLCN4": 0.100649277670504,
  "SIRPA": 0.100533004668017,
  "KIF2C": 0.0923528033850412,
  "PPP1R14C": 0.092335734757957,
  "GPX7": 0.0913247997305845,
  "MSN": 0.0829342896955066,
  "PDK1": 0.0790950280251269,
  "FAT1": 0.0765401320386795,
  "CTSC": 0.0765288382761688,
  "PM20D2": 0.0693712285733152,
  "ITGB8": 0.0681304233912308,
  "UPP1": 0.0658634479224155,
  "MRAS": 0.0650286764263589,
  "TCL1A": 0.0596561964999913,
  "CLCN5": 0.0559990861240093,
  "UGP2": 0.0559031991391125,
  "CDCA7": 0.0532020331233446,
  "NT5C2": 0.0489808414989916,
  "TGFA": 0.0438735148693664,
  "HMGA1": 0.0435961463790642,
  "LMO4": 0.0383316343748907,
  "CDC45": 0.0346342134204276,
  "SFRP1": 0.0333866382675283,
  "FBLIM1": 0.0313015138542344,
  "PHOX2B": 0.0268602395143622,
  "SCHIP1": 0.0219867328768747,
  "MELK": 0.0129028161829305,
  "CEBPB": 0.0121624028455087,
  "PTCHD1": 0.0047969906308373,
  "NOTCH1": 0.00318840605563253
}