{
  "FOXA1": 1.07534355924669,
  "FOXC1": 0.798382845353443,
  "CDH3": 0.458144334662385,
  "RASD2": 0.344434310891386,
  "IFRD1": 0.296405144998779,
  "EML4": 0.273940456398252,
  "UCK2": 0.265585740972622,
  "PLOD1": 0.225104502875499,
  "CDKN2A": 0.218892757421325,
  "MSN": 0.215710985216517,
  "IGF2BP2": 0.208550318027912,
  "FAT1": 0.179197076072015,
  "LYN": 0.178984560919846,
  "MALL": 0.17279052028967,
  "PLOD3": 0.169188184614284,
  "CYP39A1": 0.150348512087926,
  "PM20D2": 0.148198034265887,
  "CTSC": 0.138503186449824,
  "FANCE": 0.131521925915189,
  "MELK": 0.12878705914813,
  "PPP1CB": 0.127502665240962,
  "BCL11A": 0.125541986122979,
  "KCMF1": 0.115193592484747,
  "MRAS": 0.101074418942586,
  "CENPA": 0.0984033996694515,
  "MSL3": 0.087489384675099,
  "PDK1": 0.0848532186348614,
  "UGP2": 0.0818806453535252,
  "GPSM2": 0.0703213517686696,
  "SERBP1": 0.0683640571219398,
  "GPX7": 0.0639597434513457,
  "CDK6": 0.0609037287855927,
  "UPP1": 0.0598560484791763,
  "PHOX2B": 0.0596445348630836,
  "ITGB8": 0.0544741060734739,
  "CDC45": 0.0513565255096839,
  "HMGA1": 0.0506234489768002,
  "NT5C2": 0.0417869405199396,
  "NOTCH1": 0.0341976358609812,
  "CLCN5": 0.0332727310427977,
  "HJURP": 0.0324905730636281,
  "CEBPB": 0.0232077783484139,
  "HDGF": 0.0227884421657338,
  "TCL1A": 0.019552299181229,
  "SYT8": 0.0158227773075715,
  "TRIM2": 0.00786730417984972,
  "KIF2C": 0.00646572460528633,
  "CDCA7": 0.0064265703717026,
  "CPNE8": 0.00336294984965971,
  "KHDRBS3": 0.00161866567221439
}