{
  "FOXA1": 0.973470016802583,
  "FOXC1": 0.817236735591402,
  "CDH3": 0.517112797442473,
  "PVR": 0.428063908315813,
  "RASD2": 0.283712674900692,
  "EML4": 0.277487737268485,
  "CDKN2A": 0.232995011353818,
  "UCK2": 0.220720706870175,
  "LYN": 0.219122752008957,
  "PLOD1": 0.218388022778089,
  "IGF2BP2": 0.201038102450962,
  "IFRD1": 0.198397261760256,
  "MSL3": 0.192431101152082,
  "PLOD3": 0.184381483181936,
  "PPP1CB": 0.180544390369297,
  "MALL": 0.164233197947213,
  "BCL11A": 0.163258445767843,
  "FANCE": 0.152528348977754,
  "MSN": 0.143415251186806,
  "PM20D2": 0.133674055387316,
  "CYP39A1": 0.130846142526239,
  "MRAS": 0.114811782699845,
  "CTSC": 0.106480719825754,
  "CDCA7": 0.0900545452940113,
  "PDK1": 0.0791266368987384,
  "HJURP": 0.0759786366994634,
  "FAT1": 0.0714535296459302,
  "KCMF1": 0.0697847508519367,
  "GPX7": 0.0668642991836928,
  "MELK": 0.0657826888989072,
  "CDK6": 0.06199934369369,
  "KIF2C": 0.0589669978161767,
  "GPSM2": 0.0520248968011892,
  "NT5C2": 0.0453903771425193,
  "NOTCH1": 0.0437584771147037,
  "SIRPA": 0.0431408680904877,
  "UGP2": 0.0367404449632166,
  "TCL1A": 0.0329917006927859,
  "PHOX2B": 0.0323907692715809,
  "HMGA1": 0.0321521565753572,
  "PPP1R14C": 0.0297537886647557,
  "SMO": 0.0266206800269858,
  "SYT8": 0.0197726485088338,
  "CDC45": 0.0150485100981436,
  "CENPA": 0.0132330799119871,
  "TGFA": 0.0116106251715992,
  "SFRP1": 0.00921905814642265,
  "FBLIM1": 0.00731471154832351
}