{
  "FOXA1": 0.961640699573871,
  "FOXC1": 0.779258452072397,
  "CDH3": 0.523968242294883,
  "PVR": 0.452606004995131,
  "RASD2": 0.272887912834527,
  "EML4": 0.270057273955234,
  "CDKN2A": 0.226083397193197,
  "UCK2": 0.219773673169711,
  "PLOD1": 0.210338554937983,
  "IGF2BP2": 0.210320029429737,
  "IFRD1": 0.207851898127785,
  "LYN": 0.205242679907346,
  "BCL11A": 0.196137490251412,
  "MSL3": 0.18281383859567,
  "MALL": 0.171955887861019,
  "PLOD3": 0.164346836611341,
  "PPP1CB": 0.162519108784041,
  "FANCE": 0.147042925064004,
  "CYP39A1": 0.139346321089122,
  "MSN": 0.133631432471929,
  "CTSC": 0.107825241505321,
  "CDCA7": 0.10266191496367,
  "PM20D2": 0.0985994577125921,
  "MRAS": 0.0958266911387031,
  "PDK1": 0.0882352584370242,
  "MELK": 0.0872540505109037,
  "GPX7": 0.0741922800534417,
  "HJURP": 0.0711252566406084,
  "KCMF1": 0.0683747387501245,
  "ITGB8": 0.0678569311133156,
  "CLCN4": 0.0602419529699131,
  "FAT1": 0.0574275451171873,
  "KIF2C": 0.0574086355466481,
  "CDK6": 0.0519833420060071,
  "UGP2": 0.0474874131586739,
  "NOTCH1": 0.0456213368247737,
  "SIRPA": 0.0429829117007259,
  "GPSM2": 0.0414149342342969,
  "TCL1A": 0.0343419819801741,
  "SMO": 0.0303814867012078,
  "NT5C2": 0.0288863284295746,
  "PPP1R14C": 0.0266796724699633,
  "HMGA1": 0.0192934298565347,
  "PHOX2B": 0.0192419576344297,
  "CDC45": 0.0166556182400475,
  "FBLIM1": 0.0150445821434524,
  "SYT8": 0.0136211444170384,
  "TGFA": 0.0129142795970961,
  "SFRP1": 0.0104023865972968,
  "CENPA": 0.00952179321677801
}