{
  "FOXA1": 1.07518900912126,
  "FOXC1": 0.798763784120776,
  "CDH3": 0.458138158075355,
  "RASD2": 0.344528842118506,
  "IFRD1": 0.295920051699503,
  "EML4": 0.274579732074401,
  "UCK2": 0.265994902858264,
  "PLOD1": 0.225506952302493,
  "CDKN2A": 0.218535725050892,
  "MSN": 0.215624867839209,
  "IGF2BP2": 0.208822459266321,
  "LYN": 0.179672853233488,
  "FAT1": 0.179265079236461,
  "MALL": 0.173000240674305,
  "PLOD3": 0.169724830054548,
  "CYP39A1": 0.150317245912352,
  "PM20D2": 0.147990702944023,
  "CTSC": 0.138049974816707,
  "FANCE": 0.131706533947094,
  "MELK": 0.129097083283292,
  "PPP1CB": 0.127538358170849,
  "BCL11A": 0.125364735967212,
  "KCMF1": 0.115043953264472,
  "MRAS": 0.101256950280669,
  "CENPA": 0.0974601742134718,
  "MSL3": 0.08727203043338,
  "PDK1": 0.0845790363475434,
  "UGP2": 0.0824207324219955,
  "GPSM2": 0.0696575216661187,
  "SERBP1": 0.0691179940785569,
  "GPX7": 0.0636853626125041,
  "CDK6": 0.0607061437959341,
  "UPP1": 0.0600382126014191,
  "PHOX2B": 0.0597999215806304,
  "ITGB8": 0.0543995090642353,
  "CDC45": 0.0508385501135467,
  "HMGA1": 0.0507598712590296,
  "NT5C2": 0.0415352979840106,
  "NOTCH1": 0.0339008246456896,
  "HJURP": 0.033423818038265,
  "CLCN5": 0.0327091661801936,
  "CEBPB": 0.0230118708611665,
  "HDGF": 0.0225151496700806,
  "TCL1A": 0.0195579062823676,
  "SYT8": 0.0157614013068306,
  "TRIM2": 0.00899169332879911,
  "KIF2C": 0.00714778560981732,
  "CDCA7": 0.00650824535473749,
  "CPNE8": 0.00264218557257963
}