{
  "FOXA1": 1.07632164025574,
  "FOXC1": 0.798600597170353,
  "CDH3": 0.457803962506679,
  "RASD2": 0.344675571830606,
  "IFRD1": 0.294293110058101,
  "EML4": 0.273311103904092,
  "UCK2": 0.266628331412655,
  "PLOD1": 0.225429564694116,
  "CDKN2A": 0.218703908187994,
  "MSN": 0.215196152478823,
  "IGF2BP2": 0.208693350104801,
  "LYN": 0.180698647237627,
  "FAT1": 0.179178246851582,
  "MALL": 0.172420969422234,
  "PLOD3": 0.172317569698875,
  "CYP39A1": 0.150413461151757,
  "PM20D2": 0.149076410594156,
  "CTSC": 0.138286748483574,
  "FANCE": 0.131092904761764,
  "PPP1CB": 0.128482345274755,
  "MELK": 0.12522845957384,
  "BCL11A": 0.124393593704315,
  "KCMF1": 0.115921275752759,
  "MRAS": 0.0990696461966926,
  "CENPA": 0.0977448079775607,
  "MSL3": 0.0897143401857831,
  "PDK1": 0.0845662180409673,
  "UGP2": 0.0837104555693816,
  "GPSM2": 0.0703899559016568,
  "SERBP1": 0.0689715510091628,
  "GPX7": 0.0630762550153207,
  "PHOX2B": 0.0605778795478593,
  "CDK6": 0.0603783698007735,
  "UPP1": 0.0587854877370212,
  "ITGB8": 0.0535135144641488,
  "CDC45": 0.0504781728718375,
  "HMGA1": 0.0502388821529526,
  "NT5C2": 0.0420838103758118,
  "NOTCH1": 0.0341900770477177,
  "HJURP": 0.0336796124528614,
  "CLCN5": 0.0315328524770932,
  "CEBPB": 0.0229114274360484,
  "HDGF": 0.0219700885350342,
  "TCL1A": 0.0198898198807514,
  "SYT8": 0.0156641519781174,
  "TRIM2": 0.00965073814078159,
  "KIF2C": 0.00932579839343892,
  "CDCA7": 0.00683396149170646,
  "CPNE8": 0.00167851367013669
}