{
  "FOXA1": 1.0541809915362,
  "FOXC1": 0.793939844893602,
  "CDH3": 0.457743034416403,
  "RASD2": 0.345351026410882,
  "IFRD1": 0.311771182249107,
  "EML4": 0.300576964128789,
  "UCK2": 0.269192648909196,
  "PLOD1": 0.2314313183876,
  "CDKN2A": 0.214511707674725,
  "IGF2BP2": 0.210213108595234,
  "MSN": 0.209583115984554,
  "LYN": 0.183867412461271,
  "MALL": 0.183315805590001,
  "FAT1": 0.181945740629758,
  "PLOD3": 0.177573700404777,
  "CYP39A1": 0.152922101860244,
  "PPP1CB": 0.152518718612259,
  "PM20D2": 0.133945319987348,
  "MELK": 0.13190428787252,
  "FANCE": 0.131686174809831,
  "BCL11A": 0.12537680334532,
  "CTSC": 0.118970198414927,
  "CENPA": 0.107062452469816,
  "MRAS": 0.0997359953890966,
  "MSL3": 0.0919228227756593,
  "UGP2": 0.0889979383554744,
  "PDK1": 0.0888763005176302,
  "HMGA1": 0.0755237590053164,
  "SERBP1": 0.0673730180723531,
  "GPX7": 0.0649315559233065,
  "GPSM2": 0.0646441519270645,
  "UPP1": 0.0581300799904465,
  "PHOX2B": 0.0573944307598409,
  "ITGB8": 0.0562559121237821,
  "CDK6": 0.0562092374817405,
  "CEBPB": 0.051498499368285,
  "NT5C2": 0.0469914249131538,
  "HJURP": 0.0447866734054403,
  "CDC45": 0.0412278039604319,
  "NOTCH1": 0.0297838868677057,
  "HDGF": 0.0292592201110206,
  "CLCN5": 0.0269353622468496,
  "TCL1A": 0.0183544347505475,
  "SYT8": 0.0170845761985834,
  "CENPN": 0.0122594956364203,
  "KIF2C": 0.0119638176204989,
  "TGFA": 0.00732405486780108,
  "TRIM2": 0.00145936521921554,
  "CPNE8": 0.000849742090122305
}