{
  "FOXA1": 0.960118299135182,
  "FOXC1": 0.777960135196204,
  "CDH3": 0.524976420618212,
  "PVR": 0.452172712473956,
  "RASD2": 0.272596863752472,
  "EML4": 0.268596823792588,
  "CDKN2A": 0.227333451096907,
  "UCK2": 0.218221931428045,
  "PLOD1": 0.210401024065588,
  "IGF2BP2": 0.209382882832055,
  "IFRD1": 0.207133290623987,
  "LYN": 0.204476631247661,
  "BCL11A": 0.198710066193582,
  "MSL3": 0.180151005789452,
  "MALL": 0.174595254510053,
  "PLOD3": 0.163246501540235,
  "PPP1CB": 0.159890123004796,
  "FANCE": 0.146488465633541,
  "CYP39A1": 0.139346231371833,
  "MSN": 0.134976134247728,
  "CTSC": 0.107936541432005,
  "CDCA7": 0.103224811379031,
  "PM20D2": 0.098825475090898,
  "MRAS": 0.0950793250652726,
  "PDK1": 0.0889943128426748,
  "MELK": 0.0882820762787008,
  "GPX7": 0.0748481439008593,
  "HJURP": 0.070358623704128,
  "KCMF1": 0.0692229786259399,
  "ITGB8": 0.0676315137165307,
  "CLCN4": 0.0608608323367756,
  "FAT1": 0.0573297996884869,
  "KIF2C": 0.056298616756063,
  "CDK6": 0.0518716107864147,
  "UGP2": 0.0478659594846855,
  "NOTCH1": 0.044914027682794,
  "SIRPA": 0.0424950441690546,
  "GPSM2": 0.0409025746740826,
  "TCL1A": 0.0341348869329994,
  "SMO": 0.0313782221325891,
  "NT5C2": 0.0281905183716715,
  "PPP1R14C": 0.0263381347746038,
  "PHOX2B": 0.0187077725772251,
  "HMGA1": 0.0181917032122508,
  "CDC45": 0.0166330242267772,
  "FBLIM1": 0.0150492712075638,
  "SYT8": 0.0138021674445008,
  "TGFA": 0.013624331261939,
  "SFRP1": 0.0100504151088587,
  "CENPA": 0.00985728500702853,
  "CLCN5": 0.00739302725344752
}