{
  "FOXA1": 0.961183741775599,
  "FOXC1": 0.775818026707275,
  "CDH3": 0.529692382780311,
  "PVR": 0.451291625896593,
  "RASD2": 0.277504444269827,
  "EML4": 0.263262833985496,
  "CDKN2A": 0.227417693697724,
  "UCK2": 0.223022456163091,
  "LYN": 0.217694095899187,
  "IGF2BP2": 0.216183068480147,
  "PLOD1": 0.2071612522247,
  "IFRD1": 0.206905344810088,
  "BCL11A": 0.199901305003538,
  "MSL3": 0.181524298777698,
  "MALL": 0.173420960927828,
  "PLOD3": 0.163509738430894,
  "PPP1CB": 0.161149302173956,
  "FANCE": 0.148465189792105,
  "CYP39A1": 0.139620229317715,
  "MSN": 0.131122709176801,
  "CTSC": 0.108824569169784,
  "PM20D2": 0.105824356958338,
  "CDCA7": 0.0995570885956034,
  "PDK1": 0.0884756416659594,
  "MELK": 0.0834610149021736,
  "MRAS": 0.0814497868738316,
  "KCMF1": 0.0791489703471501,
  "HJURP": 0.0720869464264195,
  "GPX7": 0.0697418697076274,
  "ITGB8": 0.0666136524797183,
  "KIF2C": 0.0642145376611555,
  "CLCN4": 0.0619844497151065,
  "FAT1": 0.0572266706840973,
  "CDK6": 0.0540642607136057,
  "UGP2": 0.0496379111723834,
  "GPSM2": 0.0473699786825676,
  "NOTCH1": 0.045907867625161,
  "SIRPA": 0.0431195797195727,
  "TCL1A": 0.0354692012646652,
  "SMO": 0.0341506739135751,
  "NT5C2": 0.0268541316206775,
  "FBLIM1": 0.0199173512730929,
  "PHOX2B": 0.0192647530989943,
  "HMGA1": 0.0178373933671674,
  "CDC45": 0.0166906341577182,
  "SFRP1": 0.0162335917314766,
  "SYT8": 0.0149399717337612,
  "CLCN5": 0.00483117505389293
}